{
  "client": [
    {
      "services": {
        "appinvite_service": {
          "status": 1
        }, 
        "analytics_service": {
          "status": 0
        }
      }, 
      "oauth_client": [
        {
          "client_id": "144766214378-ihs0dpc7u3rjrf98v4fm62l6d951dirm.apps.googleusercontent.com"
        }
      ], 
      "api_key": [
        {
          "current_key": "AIzaSyAyutLGjwfUftfpfi6kDTJg5RZF8NSUdNM"
        }
      ], 
      "client_info": {
        "mobilesdk_app_id": "1:144766214378:ios:3c0c91f1e428ad05a67793", 
        "android_client_info": {
          "package_name": "com.MirkoCordes.Firefly"
        }
      }
    }
  ], 
  "configuration_version": "1", 
  "project_info": {
    "storage_bucket": "firefly-da6cc.appspot.com", 
    "project_id": "firefly-da6cc", 
    "firebase_url": "https://firefly-da6cc.firebaseio.com", 
    "project_number": "144766214378"
  }
}